checked_at,AA1239,AA1479,AA1509,AA2578,AA2607,AA3022,AA3048,AA3067,AA3324,AA802,B6111,B6112,DL2570,DL2828,UA1117,UA1186,UA1349,UA1414,UA1606,UA1706,UA2631,UA503,UA717
2026-08-18 16:03:39,138.00,138.00,138.00,138.00,138.00,138.00,138.00,138.00,138.00,138.00,128.00,128.00,128.00,128.00,128.00,128.00,128.00,128.00,128.00,128.00,128.00,128.00,128.00
2026-08-18 16:13:14,138.00,138.00,138.00,138.00,138.00,138.00,138.00,138.00,138.00,138.00,128.00,128.00,128.00,128.00,128.00,128.00,128.00,128.00,128.00,128.00,128.00,128.00,128.00
2026-08-18 16:23:21,138.00,138.00,138.00,138.00,138.00,138.00,138.00,138.00,138.00,138.00,128.00,128.00,128.00,128.00,128.00,128.00,128.00,128.00,128.00,128.00,128.00,128.00,128.00
2026-08-18 16:31:35,138.00,138.00,138.00,138.00,138.00,138.00,138.00,138.00,138.00,138.00,128.00,128.00,128.00,128.00,128.00,128.00,128.00,128.00,128.00,128.00,128.00,128.00,128.00
2026-08-18 16:37:40,138.00,138.00,138.00,138.00,138.00,138.00,138.00,138.00,138.00,138.00,128.00,128.00,128.00,128.00,128.00,128.00,128.00,128.00,128.00,128.00,128.00,128.00,128.00
2026-08-18 16:44:04,138.00,138.00,138.00,138.00,138.00,138.00,138.00,138.00,138.00,138.00,128.00,128.00,128.00,128.00,128.00,128.00,128.00,128.00,128.00,128.00,128.00,128.00,128.00
2026-08-18 16:53:34,138.00,138.00,138.00,138.00,138.00,138.00,138.00,138.00,138.00,138.00,128.00,128.00,128.00,128.00,128.00,128.00,128.00,128.00,128.00,128.00,128.00,128.00,128.00
2026-08-18 17:01:52,138.00,138.00,138.00,138.00,138.00,138.00,138.00,138.00,138.00,138.00,128.00,128.00,128.00,128.00,128.00,128.00,128.00,128.00,128.00,128.00,128.00,128.00,128.00
2026-08-18 17:07:46,138.00,138.00,138.00,138.00,138.00,138.00,138.00,138.00,138.00,138.00,128.00,128.00,128.00,128.00,128.00,128.00,128.00,128.00,128.00,128.00,128.00,128.00,128.00
2026-08-18 17:13:50,138.00,138.00,138.00,138.00,138.00,138.00,138.00,138.00,138.00,138.00,128.00,128.00,128.00,128.00,128.00,128.00,128.00,128.00,128.00,128.00,128.00,128.00,128.00
2026-08-18 17:23:22,138.00,138.00,138.00,138.00,138.00,138.00,138.00,138.00,138.00,138.00,128.00,128.00,128.00,128.00,128.00,128.00,128.00,128.00,128.00,128.00,128.00,128.00,128.00
2026-08-18 17:33:19,138.00,138.00,138.00,138.00,138.00,138.00,138.00,138.00,138.00,138.00,128.00,128.00,128.00,128.00,128.00,128.00,128.00,128.00,128.00,128.00,128.00,128.00,128.00
2026-08-18 17:43:27,138.00,138.00,138.00,138.00,138.00,138.00,138.00,138.00,138.00,128.00,128.00,128.00,128.00,128.00,128.00,128.00,128.00,128.00,128.00,128.00,128.00,128.00,128.00
2026-08-18 17:53:12,128.00,138.00,128.00,138.00,128.00,138.00,128.00,138.00,128.00,128.00,128.00,128.00,128.00,128.00,128.00,128.00,128.00,128.00,128.00,128.00,128.00,128.00,128.00
2026-08-18 18:03:30,128.00,128.00,128.00,128.00,128.00,128.00,128.00,128.00,128.00,128.00,128.00,128.00,138.00,138.00,128.00,128.00,128.00,128.00,128.00,128.00,128.00,128.00,128.00
2026-08-18 18:13:22,128.00,128.00,128.00,128.00,128.00,128.00,128.00,128.00,128.00,128.00,128.00,128.00,138.00,138.00,128.00,128.00,128.00,128.00,128.00,128.00,128.00,128.00,128.00
2026-08-18 18:23:17,128.00,128.00,128.00,128.00,128.00,128.00,128.00,128.00,128.00,128.00,128.00,128.00,138.00,138.00,128.00,128.00,128.00,128.00,128.00,128.00,128.00,128.00,128.00
2026-08-18 18:33:25,128.00,128.00,128.00,128.00,128.00,128.00,128.00,128.00,128.00,128.00,128.00,128.00,138.00,138.00,128.00,128.00,128.00,128.00,128.00,128.00,128.00,128.00,128.00
2026-08-18 18:43:28,128.00,128.00,128.00,128.00,128.00,128.00,128.00,128.00,128.00,128.00,128.00,128.00,138.00,138.00,128.00,128.00,128.00,128.00,128.00,128.00,128.00,128.00,128.00
2026-08-18 18:53:28,128.00,128.00,128.00,128.00,128.00,128.00,128.00,128.00,128.00,128.00,128.00,128.00,138.00,138.00,128.00,128.00,128.00,128.00,128.00,128.00,128.00,128.00,128.00
2026-08-18 19:03:29,128.00,128.00,128.00,128.00,128.00,128.00,128.00,128.00,128.00,128.00,128.00,128.00,138.00,138.00,128.00,128.00,128.00,128.00,128.00,128.00,128.00,128.00,128.00
2026-08-18 19:13:24,128.00,128.00,128.00,128.00,128.00,128.00,128.00,128.00,128.00,128.00,128.00,128.00,138.00,138.00,128.00,128.00,128.00,128.00,128.00,128.00,128.00,128.00,128.00
2026-08-18 19:23:32,128.00,128.00,128.00,128.00,128.00,128.00,128.00,128.00,128.00,128.00,128.00,128.00,138.00,138.00,128.00,128.00,128.00,128.00,128.00,128.00,128.00,128.00,128.00
2026-08-18 19:33:33,128.00,128.00,128.00,128.00,128.00,128.00,128.00,128.00,128.00,128.00,128.00,128.00,138.00,138.00,128.00,128.00,128.00,128.00,128.00,128.00,128.00,128.00,128.00
2026-08-18 19:43:25,128.00,128.00,128.00,128.00,128.00,128.00,128.00,128.00,128.00,128.00,128.00,128.00,138.00,138.00,128.00,128.00,128.00,128.00,128.00,128.00,128.00,128.00,128.00
2026-08-18 19:53:21,128.00,128.00,128.00,128.00,128.00,128.00,128.00,128.00,128.00,128.00,128.00,128.00,138.00,138.00,128.00,128.00,128.00,128.00,128.00,128.00,128.00,128.00,128.00
2026-08-18 20:03:38,128.00,128.00,128.00,128.00,128.00,128.00,128.00,128.00,128.00,128.00,128.00,128.00,138.00,138.00,128.00,128.00,128.00,128.00,128.00,128.00,128.00,128.00,128.00
2026-08-18 20:13:38,128.00,128.00,128.00,128.00,128.00,128.00,128.00,128.00,128.00,128.00,128.00,128.00,138.00,138.00,128.00,128.00,128.00,128.00,128.00,128.00,128.00,128.00,128.00
2026-08-18 20:23:40,128.00,128.00,128.00,128.00,128.00,128.00,128.00,128.00,128.00,128.00,128.00,128.00,138.00,138.00,128.00,128.00,128.00,128.00,128.00,128.00,128.00,128.00,128.00
2026-08-18 20:33:39,128.00,128.00,128.00,128.00,128.00,128.00,128.00,128.00,128.00,128.00,128.00,128.00,138.00,138.00,128.00,128.00,128.00,128.00,128.00,128.00,128.00,128.00,128.00
2026-08-18 20:43:28,128.00,128.00,128.00,128.00,128.00,128.00,128.00,128.00,128.00,128.00,128.00,128.00,138.00,138.00,128.00,128.00,128.00,128.00,128.00,128.00,128.00,128.00,128.00
2026-08-18 20:53:18,128.00,128.00,128.00,128.00,128.00,128.00,128.00,128.00,128.00,128.00,128.00,128.00,138.00,138.00,128.00,128.00,128.00,128.00,128.00,128.00,128.00,128.00,128.00
2026-08-18 21:03:49,128.00,128.00,128.00,128.00,128.00,128.00,128.00,128.00,128.00,128.00,128.00,128.00,138.00,138.00,128.00,128.00,128.00,128.00,128.00,128.00,128.00,128.00,128.00
2026-08-18 21:13:18,128.00,128.00,128.00,128.00,128.00,128.00,128.00,128.00,128.00,128.00,128.00,128.00,138.00,138.00,128.00,128.00,128.00,128.00,128.00,128.00,128.00,128.00,128.00
