checked_at,AA6284,AA6376,DL2002,DL2148,UA1013,UA1347,UA1638,UA1912,UA2061,UA405
2026-08-18 15:52:47,79.00,79.00,79.00,,79.00,,79.00,,,79.00
2026-08-18 16:00:25,79.00,79.00,79.00,79.00,79.00,79.00,79.00,79.00,79.00,79.00
2026-08-18 16:10:15,79.00,79.00,79.00,79.00,79.00,79.00,79.00,79.00,79.00,79.00
2026-08-18 16:20:19,79.00,79.00,79.00,79.00,79.00,79.00,79.00,79.00,79.00,79.00
2026-08-18 16:28:25,79.00,79.00,79.00,79.00,79.00,79.00,79.00,79.00,79.00,79.00
2026-08-18 16:34:33,79.00,79.00,79.00,79.00,79.00,79.00,79.00,79.00,79.00,79.00
2026-08-18 16:40:51,79.00,79.00,79.00,79.00,79.00,79.00,79.00,79.00,79.00,79.00
2026-08-18 16:50:15,79.00,119.00,79.00,79.00,79.00,79.00,79.00,79.00,79.00,79.00
2026-08-18 16:58:40,79.00,119.00,79.00,79.00,79.00,79.00,79.00,79.00,79.00,79.00
